task_id,model,ground_truth_rating,ground_truth_category,predicted_rating,predicted_category,vulnerable_lines,rating_correct,category_correct,latency_sec,success,error,raw_response
access_control_FibonacciBalance.sol,qwen2.5-coder:7b-instruct-q4_K_M,VULNERABLE,access_control,VULNERABLE,access_control,"[31, 38]",True,True,29.4996,True,,"{
  ""rating"": ""VULNERABLE"",
  ""vulnerability_category"": ""access_control"",
  ""vulnerable_lines"": [31, 38]
}"
access_control_arbitrary_location_write_simple.sol,qwen2.5-coder:7b-instruct-q4_K_M,VULNERABLE,access_control,VULNERABLE,access_control,[27],True,True,13.7696,True,,"{
  ""rating"": ""VULNERABLE"",
  ""vulnerability_category"": ""access_control"",
  ""vulnerable_lines"": [27]
}"
access_control_incorrect_constructor_name1.sol,qwen2.5-coder:7b-instruct-q4_K_M,VULNERABLE,access_control,VULNERABLE,access_control,[20],True,True,11.6359,True,,"{
  ""rating"": ""VULNERABLE"",
  ""vulnerability_category"": ""access_control"",
  ""vulnerable_lines"": [20]
}"
access_control_incorrect_constructor_name2.sol,qwen2.5-coder:7b-instruct-q4_K_M,VULNERABLE,access_control,VULNERABLE,access_control,[18],True,True,10.5392,True,,"{
  ""rating"": ""VULNERABLE"",
  ""vulnerability_category"": ""access_control"",
  ""vulnerable_lines"": [18]
}"
access_control_incorrect_constructor_name3.sol,qwen2.5-coder:7b-instruct-q4_K_M,VULNERABLE,access_control,VULNERABLE,access_control,[17],True,True,10.4743,True,,"{
  ""rating"": ""VULNERABLE"",
  ""vulnerability_category"": ""access_control"",
  ""vulnerable_lines"": [17]
}"
access_control_mapping_write.sol,qwen2.5-coder:7b-instruct-q4_K_M,VULNERABLE,access_control,VULNERABLE,access_control,[20],True,True,11.957,True,,"{
  ""rating"": ""VULNERABLE"",
  ""vulnerability_category"": ""access_control"",
  ""vulnerable_lines"": [20]
}"
access_control_multiowned_vulnerable.sol,qwen2.5-coder:7b-instruct-q4_K_M,VULNERABLE,access_control,VULNERABLE,access_control,[38],True,True,15.5581,True,,"{
  ""rating"": ""VULNERABLE"",
  ""vulnerability_category"": ""access_control"",
  ""vulnerable_lines"": [38]
}"
access_control_mycontract.sol,qwen2.5-coder:7b-instruct-q4_K_M,VULNERABLE,access_control,VULNERABLE,access_control,[20],True,True,10.743,True,,"{
  ""rating"": ""VULNERABLE"",
  ""vulnerability_category"": ""access_control"",
  ""vulnerable_lines"": [20]
}"
access_control_parity_wallet_bug_1.sol,qwen2.5-coder:7b-instruct-q4_K_M,VULNERABLE,access_control,,,[],False,False,297.7243,False,"3 validation errors for LLMPrediction
rating
  Field required [type=missing, input_value={'description': 'The prov...uint[256] m_owners;\n}'}, input_type=dict]
    For further information visit https://errors.pydantic.dev/2.12/v/missing
vulnerability_category
  Field required [type=missing, input_value={'description': 'The prov...uint[256] m_owners;\n}'}, input_type=dict]
    For further information visit https://errors.pydantic.dev/2.12/v/missing
vulnerable_lines
  Field required [type=missing, input_value={'description': 'The prov...uint[256] m_owners;\n}'}, input_type=dict]
    For further information visit https://errors.pydantic.dev/2.12/v/missing",
access_control_parity_wallet_bug_2.sol,qwen2.5-coder:7b-instruct-q4_K_M,VULNERABLE,access_control,VULNERABLE,access_control,"[226, 233]",True,True,88.2191,True,,"{
  ""rating"": ""VULNERABLE"",
  ""vulnerability_category"": ""access_control"",
  ""vulnerable_lines"": [226, 233]
}"
access_control_phishable.sol,qwen2.5-coder:7b-instruct-q4_K_M,VULNERABLE,access_control,VULNERABLE,access_control,[20],True,True,9.7124,True,,"{
  ""rating"": ""VULNERABLE"",
  ""vulnerability_category"": ""access_control"",
  ""vulnerable_lines"": [20]
}"
access_control_proxy.sol,qwen2.5-coder:7b-instruct-q4_K_M,VULNERABLE,access_control,VULNERABLE,access_control,[19],True,True,9.431,True,,"{
  ""rating"": ""VULNERABLE"",
  ""vulnerability_category"": ""access_control"",
  ""vulnerable_lines"": [19]
}"
access_control_rubixi.sol,qwen2.5-coder:7b-instruct-q4_K_M,VULNERABLE,access_control,VULNERABLE,access_control,"[23, 24]",True,True,34.0793,True,,"{
  ""rating"": ""VULNERABLE"",
  ""vulnerability_category"": ""access_control"",
  ""vulnerable_lines"": [23, 24]
}"
access_control_simple_suicide.sol,qwen2.5-coder:7b-instruct-q4_K_M,VULNERABLE,access_control,VULNERABLE,access_control,"[12, 13]",True,True,9.885,True,,"{
  ""rating"": ""VULNERABLE"",
  ""vulnerability_category"": ""access_control"",
  ""vulnerable_lines"": [12, 13]
}"
access_control_unprotected0.sol,qwen2.5-coder:7b-instruct-q4_K_M,VULNERABLE,access_control,VULNERABLE,access_control,[25],True,True,10.414,True,,"{
  ""rating"": ""VULNERABLE"",
  ""vulnerability_category"": ""access_control"",
  ""vulnerable_lines"": [25]
}"
access_control_wallet_02_refund_nosub.sol,qwen2.5-coder:7b-instruct-q4_K_M,VULNERABLE,access_control,VULNERABLE,access_control,[36],True,True,12.6997,True,,"{
    ""rating"": ""VULNERABLE"",
    ""vulnerability_category"": ""access_control"",
    ""vulnerable_lines"": [36]
}"
access_control_wallet_03_wrong_constructor.sol,qwen2.5-coder:7b-instruct-q4_K_M,VULNERABLE,access_control,VULNERABLE,access_control,"[19, 20]",True,True,12.6227,True,,"{
    ""rating"": ""VULNERABLE"",
    ""vulnerability_category"": ""access_control"",
    ""vulnerable_lines"": [19, 20]
}"
access_control_wallet_04_confused_sign.sol,qwen2.5-coder:7b-instruct-q4_K_M,VULNERABLE,access_control,VULNERABLE,access_control,[30],True,True,12.0119,True,,"{
    ""rating"": ""VULNERABLE"",
    ""vulnerability_category"": ""access_control"",
    ""vulnerable_lines"": [30]
}"
arithmetic_BECToken.sol,qwen2.5-coder:7b-instruct-q4_K_M,VULNERABLE,arithmetic,VULNERABLE,integer_overflow,[264],True,False,55.8587,True,,"{
  ""rating"": ""VULNERABLE"",
  ""vulnerability_category"": ""integer_overflow"",
  ""vulnerable_lines"": [264]
}"
arithmetic_insecure_transfer.sol,qwen2.5-coder:7b-instruct-q4_K_M,VULNERABLE,arithmetic,VULNERABLE,integer_overflow,[18],True,False,10.4151,True,,"{
  ""rating"": ""VULNERABLE"",
  ""vulnerability_category"": ""integer_overflow"",
  ""vulnerable_lines"": [18]
}"
arithmetic_integer_overflow_1.sol,qwen2.5-coder:7b-instruct-q4_K_M,VULNERABLE,arithmetic,VULNERABLE,integer_overflow,[14],True,False,10.0558,True,,"{
  ""rating"": ""VULNERABLE"",
  ""vulnerability_category"": ""integer_overflow"",
  ""vulnerable_lines"": [14]
}"
arithmetic_integer_overflow_add.sol,qwen2.5-coder:7b-instruct-q4_K_M,VULNERABLE,arithmetic,VULNERABLE,integer_overflow,[17],True,False,9.3544,True,,"{
  ""rating"": ""VULNERABLE"",
  ""vulnerability_category"": ""integer_overflow"",
  ""vulnerable_lines"": [17]
}"
arithmetic_integer_overflow_benign_1.sol,qwen2.5-coder:7b-instruct-q4_K_M,VULNERABLE,arithmetic,SAFE,none,[],False,False,13.1804,True,,"{
  ""rating"": ""SAFE"",
  ""vulnerability_category"": ""integer_overflow"",
  ""access_control"": ""none"",
  ""integer_overflow"": ""none"",
  ""unchecked_call"": ""none"",
  ""vulnerable_lines"": []
}"
arithmetic_integer_overflow_mapping_sym_1.sol,qwen2.5-coder:7b-instruct-q4_K_M,VULNERABLE,arithmetic,VULNERABLE,integer_overflow,[16],True,False,14.2213,True,,"{
  ""rating"": ""VULNERABLE"",
  ""vulnerability_category"": ""integer_overflow"",
  ""access_control"": ""none"",
  ""integer_overflow"": ""true"",
  ""unchecked_call"": ""false"",
  ""vulnerable_lines"": [16]
}"
arithmetic_integer_overflow_minimal.sol,qwen2.5-coder:7b-instruct-q4_K_M,VULNERABLE,arithmetic,VULNERABLE,integer_overflow,[17],True,False,9.396,True,,"{
  ""rating"": ""VULNERABLE"",
  ""vulnerability_category"": ""integer_overflow"",
  ""vulnerable_lines"": [17]
}"
arithmetic_integer_overflow_mul.sol,qwen2.5-coder:7b-instruct-q4_K_M,VULNERABLE,arithmetic,VULNERABLE,integer_overflow,[17],True,False,9.3737,True,,"{
  ""rating"": ""VULNERABLE"",
  ""vulnerability_category"": ""integer_overflow"",
  ""vulnerable_lines"": [17]
}"
arithmetic_integer_overflow_multitx_multifunc_feasible.sol,qwen2.5-coder:7b-instruct-q4_K_M,VULNERABLE,arithmetic,VULNERABLE,integer_overflow,[25],True,False,10.2837,True,,"{
  ""rating"": ""VULNERABLE"",
  ""vulnerability_category"": ""integer_overflow"",
  ""vulnerable_lines"": [25]
}"
arithmetic_integer_overflow_multitx_onefunc_feasible.sol,qwen2.5-coder:7b-instruct-q4_K_M,VULNERABLE,arithmetic,VULNERABLE,integer_overflow,[22],True,False,10.1786,True,,"{
  ""rating"": ""VULNERABLE"",
  ""vulnerability_category"": ""integer_overflow"",
  ""vulnerable_lines"": [22]
}"
arithmetic_overflow_simple_add.sol,qwen2.5-coder:7b-instruct-q4_K_M,VULNERABLE,arithmetic,VULNERABLE,integer_overflow,[14],True,False,9.0645,True,,"{
  ""rating"": ""VULNERABLE"",
  ""vulnerability_category"": ""integer_overflow"",
  ""vulnerable_lines"": [14]
}"
arithmetic_overflow_single_tx.sol,qwen2.5-coder:7b-instruct-q4_K_M,VULNERABLE,arithmetic,VULNERABLE,integer_overflow,"[18, 24, 30, 36, 42, 48]",True,False,18.5433,True,,"{
  ""rating"": ""VULNERABLE"",
  ""vulnerability_category"": ""integer_overflow"",
  ""vulnerable_lines"": [18, 24, 30, 36, 42, 48]
}"
arithmetic_timelock.sol,qwen2.5-coder:7b-instruct-q4_K_M,VULNERABLE,arithmetic,VULNERABLE,integer_overflow,[22],True,False,15.4735,True,,"{
  ""rating"": ""VULNERABLE"",
  ""vulnerability_category"": ""integer_overflow"",
  ""access_control"": ""none"",
  ""integer_overflow"": ""yes"",
  ""unchecked_call"": ""no"",
  ""vulnerable_lines"": [22]
}"
arithmetic_token.sol,qwen2.5-coder:7b-instruct-q4_K_M,VULNERABLE,arithmetic,VULNERABLE,integer_overflow,"[20, 22]",True,False,11.6646,True,,"{
  ""rating"": ""VULNERABLE"",
  ""vulnerability_category"": ""integer_overflow"",
  ""vulnerable_lines"": [20, 22]
}"
arithmetic_tokensalechallenge.sol,qwen2.5-coder:7b-instruct-q4_K_M,VULNERABLE,arithmetic,VULNERABLE,integer_overflow,"[23, 25, 33]",True,False,18.5589,True,,"{
  ""rating"": ""VULNERABLE"",
  ""vulnerability_category"": ""integer_overflow"",
  ""access_control"": ""none"",
  ""integer_overflow"": ""true"",
  ""unchecked_call"": ""false"",
  ""vulnerable_lines"": [23, 25, 33]
}"
bad_randomness_blackjack.sol,qwen2.5-coder:7b-instruct-q4_K_M,VULNERABLE,bad_randomness,VULNERABLE,bad_randomness,"[17, 19, 21]",True,True,60.8977,True,,"{
  ""rating"": ""VULNERABLE"",
  ""vulnerability_category"": ""bad_randomness"",
  ""vulnerable_lines"": [17, 19, 21]
}"
bad_randomness_etheraffle.sol,qwen2.5-coder:7b-instruct-q4_K_M,VULNERABLE,bad_randomness,VULNERABLE,bad_randomness,"[49, 99, 101, 103, 114, 158]",True,True,36.8033,True,,"{
  ""rating"": ""VULNERABLE"",
  ""vulnerability_category"": ""bad_randomness"",
  ""vulnerable_lines"": [49, 99, 101, 103, 114, 158]
}"
bad_randomness_guess_the_random_number.sol,qwen2.5-coder:7b-instruct-q4_K_M,VULNERABLE,bad_randomness,VULNERABLE,bad_randomness,[15],True,True,15.4802,True,,"{
  ""rating"": ""VULNERABLE"",
  ""vulnerability_category"": ""bad_randomness"",
  ""access_control"": ""none"",
  ""integer_overflow"": ""none"",
  ""unchecked_call"": ""none"",
  ""vulnerable_lines"": [15]
}"
bad_randomness_lottery.sol,qwen2.5-coder:7b-instruct-q4_K_M,VULNERABLE,bad_randomness,VULNERABLE,bad_randomness,"[38, 42]",True,True,21.5504,True,,"{
  ""rating"": ""VULNERABLE"",
  ""vulnerability_category"": ""bad_randomness"",
  ""vulnerable_lines"": [38, 42],
  ""access_control"": ""none"",
  ""integer_overflow"": ""none"",
  ""unchecked_call"": ""none""
}"
bad_randomness_lucky_doubler.sol,qwen2.5-coder:7b-instruct-q4_K_M,VULNERABLE,bad_randomness,VULNERABLE,bad_randomness,"[127, 128, 129, 130, 132]",True,True,38.8053,True,,"{
  ""rating"": ""VULNERABLE"",
  ""vulnerability_category"": ""bad_randomness"",
  ""vulnerable_lines"": [127, 128, 129, 130, 132]
}"
bad_randomness_old_blockhash.sol,qwen2.5-coder:7b-instruct-q4_K_M,VULNERABLE,bad_randomness,VULNERABLE,bad_randomness,[35],True,True,18.1841,True,,"{
  ""rating"": ""VULNERABLE"",
  ""vulnerability_category"": ""bad_randomness"",
  ""access_control"": ""none"",
  ""integer_overflow"": ""none"",
  ""unchecked_call"": ""none"",
  ""vulnerable_lines"": [35]
}"
bad_randomness_random_number_generator.sol,qwen2.5-coder:7b-instruct-q4_K_M,VULNERABLE,bad_randomness,VULNERABLE,bad_randomness,"[12, 18, 20, 22]",True,True,20.1177,True,,"{
  ""rating"": ""VULNERABLE"",
  ""vulnerability_category"": ""bad_randomness"",
  ""access_control"": ""none"",
  ""integer_overflow"": ""none"",
  ""unchecked_call"": ""none"",
  ""vulnerable_lines"": [12, 18, 20, 22]
}"
bad_randomness_smart_billions.sol,qwen2.5-coder:7b-instruct-q4_K_M,VULNERABLE,bad_randomness,,,[],False,False,73.6806,False,"3 validation errors for LLMPrediction
rating
  Field required [type=missing, input_value={'description': ""This is ...e Ethereum blockchain.""}, input_type=dict]
    For further information visit https://errors.pydantic.dev/2.12/v/missing
vulnerability_category
  Field required [type=missing, input_value={'description': ""This is ...e Ethereum blockchain.""}, input_type=dict]
    For further information visit https://errors.pydantic.dev/2.12/v/missing
vulnerable_lines
  Field required [type=missing, input_value={'description': ""This is ...e Ethereum blockchain.""}, input_type=dict]
    For further information visit https://errors.pydantic.dev/2.12/v/missing",
denial_of_service_auction.sol,qwen2.5-coder:7b-instruct-q4_K_M,VULNERABLE,denial_of_service,VULNERABLE,denial_of_service,[23],True,True,16.3992,True,,"{
  ""rating"": ""VULNERABLE"",
  ""vulnerability_category"": ""denial_of_service"",
  ""access_control"": ""none"",
  ""integer_overflow"": ""none"",
  ""unchecked_call"": ""yes"",
  ""vulnerable_lines"": [23]
}"
denial_of_service_dos_address.sol,qwen2.5-coder:7b-instruct-q4_K_M,VULNERABLE,denial_of_service,VULNERABLE,denial_of_service,"[16, 17, 18]",True,True,13.1225,True,,"{
  ""rating"": ""VULNERABLE"",
  ""vulnerability_category"": ""denial_of_service"",
  ""vulnerable_lines"": [16, 17, 18]
}"
denial_of_service_dos_number.sol,qwen2.5-coder:7b-instruct-q4_K_M,VULNERABLE,denial_of_service,VULNERABLE,denial_of_service,"[18, 19, 20, 21, 22]",True,True,16.2701,True,,"{
  ""rating"": ""VULNERABLE"",
  ""vulnerability_category"": ""denial_of_service"",
  ""vulnerable_lines"": [18, 19, 20, 21, 22]
}"
denial_of_service_dos_simple.sol,qwen2.5-coder:7b-instruct-q4_K_M,VULNERABLE,denial_of_service,VULNERABLE,denial_of_service,"[17, 18]",True,True,15.8581,True,,"{
  ""rating"": ""VULNERABLE"",
  ""vulnerability_category"": ""denial_of_service"",
  ""access_control"": ""none"",
  ""integer_overflow"": ""none"",
  ""unchecked_call"": ""none"",
  ""vulnerable_lines"": [17, 18]
}"
denial_of_service_list_dos.sol,qwen2.5-coder:7b-instruct-q4_K_M,VULNERABLE,denial_of_service,VULNERABLE,denial_of_service,"[46, 48]",True,True,31.1474,True,,"{
  ""rating"": ""VULNERABLE"",
  ""vulnerability_category"": ""denial_of_service"",
  ""vulnerable_lines"": [46, 48]
}"
denial_of_service_send_loop.sol,qwen2.5-coder:7b-instruct-q4_K_M,VULNERABLE,denial_of_service,VULNERABLE,denial_of_service,[24],True,True,17.4258,True,,"{
  ""rating"": ""VULNERABLE"",
  ""vulnerability_category"": ""denial_of_service"",
  ""access_control"": ""none"",
  ""integer_overflow"": ""none"",
  ""unchecked_call"": ""yes"",
  ""vulnerable_lines"": [24]
}"
front_running_ERC20.sol,qwen2.5-coder:7b-instruct-q4_K_M,VULNERABLE,front_running,VULNERABLE,front_running,"[110, 113]",True,True,27.5385,True,,"{
  ""rating"": ""VULNERABLE"",
  ""vulnerability_category"": ""front_running"",
  ""vulnerable_lines"": [110, 113]
}"
front_running_FindThisHash.sol,qwen2.5-coder:7b-instruct-q4_K_M,VULNERABLE,front_running,VULNERABLE,front_running,[17],True,True,14.9595,True,,"{
  ""rating"": ""VULNERABLE"",
  ""vulnerability_category"": ""front_running"",
  ""access_control"": null,
  ""integer_overflow"": null,
  ""unchecked_call"": null,
  ""vulnerable_lines"": [17]
}"
front_running_eth_tx_order_dependence_minimal.sol,qwen2.5-coder:7b-instruct-q4_K_M,VULNERABLE,front_running,VULNERABLE,front_running,"[23, 31]",True,True,15.7392,True,,"{
  ""rating"": ""VULNERABLE"",
  ""vulnerability_category"": ""front_running"",
  ""access_control"": null,
  ""integer_overflow"": null,
  ""unchecked_call"": null,
  ""vulnerable_lines"": [23, 31]
}"
front_running_odds_and_evens.sol,qwen2.5-coder:7b-instruct-q4_K_M,VULNERABLE,front_running,VULNERABLE,front_running,"[25, 28]",True,True,18.3443,True,,"{
  ""rating"": ""VULNERABLE"",
  ""vulnerability_category"": ""front_running"",
  ""access_control"": ""none"",
  ""integer_overflow"": ""none"",
  ""unchecked_call"": ""none"",
  ""vulnerable_lines"": [25, 28]
}"
other_crypto_roulette.sol,qwen2.5-coder:7b-instruct-q4_K_M,VULNERABLE,other,VULNERABLE,none,"[40, 41, 42]",True,False,16.9106,True,,"{
  ""rating"": ""VULNERABLE"",
  ""vulnerability_category"": ""none"",
  ""vulnerable_lines"": [40, 41, 42]
}"
other_name_registrar.sol,qwen2.5-coder:7b-instruct-q4_K_M,VULNERABLE,other,VULNERABLE,none,[21],True,False,11.3283,True,,"{
  ""rating"": ""VULNERABLE"",
  ""vulnerability_category"": ""none"",
  ""vulnerable_lines"": [21]
}"
other_open_address_lottery.sol,qwen2.5-coder:7b-instruct-q4_K_M,VULNERABLE,other,VULNERABLE,reentrancy,[91],True,False,31.0581,True,,"{
  ""rating"": ""VULNERABLE"",
  ""vulnerability_category"": ""reentrancy"",
  ""access_control"": ""none"",
  ""integer_overflow"": ""none"",
  ""unchecked_call"": ""none"",
  ""vulnerable_lines"": [91]
}"
reentrancy_0x01f8c4e3fa3edeb29e514cba738d87ce8c091d3f.sol,qwen2.5-coder:7b-instruct-q4_K_M,VULNERABLE,reentrancy,VULNERABLE,reentrancy,[54],True,True,21.4292,True,,"{
  ""rating"": ""VULNERABLE"",
  ""vulnerability_category"": ""reentrancy"",
  ""access_control"": ""none"",
  ""integer_overflow"": ""none"",
  ""unchecked_call"": ""none"",
  ""vulnerable_lines"": [54]
}"
reentrancy_0x23a91059fdc9579a9fbd0edc5f2ea0bfdb70deb4.sol,qwen2.5-coder:7b-instruct-q4_K_M,VULNERABLE,reentrancy,VULNERABLE,reentrancy,[38],True,True,18.7616,True,,"{
  ""rating"": ""VULNERABLE"",
  ""vulnerability_category"": ""reentrancy"",
  ""access_control"": ""none"",
  ""integer_overflow"": ""none"",
  ""unchecked_call"": ""none"",
  ""vulnerable_lines"": [38]
}"
reentrancy_0x4320e6f8c05b27ab4707cd1f6d5ce6f3e4b3a5a1.sol,qwen2.5-coder:7b-instruct-q4_K_M,VULNERABLE,reentrancy,VULNERABLE,reentrancy,[55],True,True,16.6855,True,,"{
  ""rating"": ""VULNERABLE"",
  ""vulnerability_category"": ""reentrancy"",
  ""vulnerable_lines"": [55]
}"
reentrancy_0x4e73b32ed6c35f570686b89848e5f39f20ecc106.sol,qwen2.5-coder:7b-instruct-q4_K_M,VULNERABLE,reentrancy,VULNERABLE,reentrancy,[54],True,True,15.6859,True,,"{
  ""rating"": ""VULNERABLE"",
  ""vulnerability_category"": ""reentrancy"",
  ""vulnerable_lines"": [54]
}"
reentrancy_0x561eac93c92360949ab1f1403323e6db345cbf31.sol,qwen2.5-coder:7b-instruct-q4_K_M,VULNERABLE,reentrancy,VULNERABLE,reentrancy,[54],True,True,15.6124,True,,"{
  ""rating"": ""VULNERABLE"",
  ""vulnerability_category"": ""reentrancy"",
  ""vulnerable_lines"": [54]
}"
reentrancy_0x627fa62ccbb1c1b04ffaecd72a53e37fc0e17839.sol,qwen2.5-coder:7b-instruct-q4_K_M,VULNERABLE,reentrancy,VULNERABLE,reentrancy,[71],True,True,16.1846,True,,"{
  ""rating"": ""VULNERABLE"",
  ""vulnerability_category"": ""reentrancy"",
  ""vulnerable_lines"": [71]
}"
reentrancy_0x7541b76cb60f4c60af330c208b0623b7f54bf615.sol,qwen2.5-coder:7b-instruct-q4_K_M,VULNERABLE,reentrancy,VULNERABLE,reentrancy,[29],True,True,15.3407,True,,"{
  ""rating"": ""VULNERABLE"",
  ""vulnerability_category"": ""reentrancy"",
  ""vulnerable_lines"": [29]
}"
reentrancy_0x7a8721a9d64c74da899424c1b52acbf58ddc9782.sol,qwen2.5-coder:7b-instruct-q4_K_M,VULNERABLE,reentrancy,VULNERABLE,reentrancy,[52],True,True,19.7825,True,,"{
  ""rating"": ""VULNERABLE"",
  ""vulnerability_category"": ""reentrancy"",
  ""access_control"": ""none"",
  ""integer_overflow"": ""none"",
  ""unchecked_call"": ""yes"",
  ""vulnerable_lines"": [52]
}"
reentrancy_0x7b368c4e805c3870b6c49a3f1f49f69af8662cf3.sol,qwen2.5-coder:7b-instruct-q4_K_M,VULNERABLE,reentrancy,VULNERABLE,reentrancy,[29],True,True,15.5049,True,,"{
  ""rating"": ""VULNERABLE"",
  ""vulnerability_category"": ""reentrancy"",
  ""vulnerable_lines"": [29]
}"
reentrancy_0x8c7777c45481dba411450c228cb692ac3d550344.sol,qwen2.5-coder:7b-instruct-q4_K_M,VULNERABLE,reentrancy,VULNERABLE,reentrancy,[41],True,True,14.7202,True,,"{
  ""rating"": ""VULNERABLE"",
  ""vulnerability_category"": ""reentrancy"",
  ""vulnerable_lines"": [41]
}"
reentrancy_0x93c32845fae42c83a70e5f06214c8433665c2ab5.sol,qwen2.5-coder:7b-instruct-q4_K_M,VULNERABLE,reentrancy,VULNERABLE,reentrancy,[29],True,True,15.6025,True,,"{
  ""rating"": ""VULNERABLE"",
  ""vulnerability_category"": ""reentrancy"",
  ""vulnerable_lines"": [29]
}"
reentrancy_0x941d225236464a25eb18076df7da6a91d0f95e9e.sol,qwen2.5-coder:7b-instruct-q4_K_M,VULNERABLE,reentrancy,VULNERABLE,reentrancy,[44],True,True,14.9394,True,,"{
  ""rating"": ""VULNERABLE"",
  ""vulnerability_category"": ""reentrancy"",
  ""vulnerable_lines"": [44]
}"
reentrancy_0x96edbe868531bd23a6c05e9d0c424ea64fb1b78b.sol,qwen2.5-coder:7b-instruct-q4_K_M,VULNERABLE,reentrancy,VULNERABLE,reentrancy,[63],True,True,17.184,True,,"{
  ""rating"": ""VULNERABLE"",
  ""vulnerability_category"": ""reentrancy"",
  ""vulnerable_lines"": [63]
}"
reentrancy_0xaae1f51cf3339f18b6d3f3bdc75a5facd744b0b8.sol,qwen2.5-coder:7b-instruct-q4_K_M,VULNERABLE,reentrancy,VULNERABLE,reentrancy,[54],True,True,15.8734,True,,"{
  ""rating"": ""VULNERABLE"",
  ""vulnerability_category"": ""reentrancy"",
  ""vulnerable_lines"": [54]
}"
reentrancy_0xb5e1b1ee15c6fa0e48fce100125569d430f1bd12.sol,qwen2.5-coder:7b-instruct-q4_K_M,VULNERABLE,reentrancy,VULNERABLE,reentrancy,[40],True,True,14.4888,True,,"{
  ""rating"": ""VULNERABLE"",
  ""vulnerability_category"": ""reentrancy"",
  ""vulnerable_lines"": [40]
}"
reentrancy_0xb93430ce38ac4a6bb47fb1fc085ea669353fd89e.sol,qwen2.5-coder:7b-instruct-q4_K_M,VULNERABLE,reentrancy,VULNERABLE,reentrancy,[38],True,True,19.1648,True,,"{
  ""rating"": ""VULNERABLE"",
  ""vulnerability_category"": ""reentrancy"",
  ""access_control"": ""none"",
  ""integer_overflow"": ""none"",
  ""unchecked_call"": ""none"",
  ""vulnerable_lines"": [38]
}"
reentrancy_0xbaf51e761510c1a11bf48dd87c0307ac8a8c8a4f.sol,qwen2.5-coder:7b-instruct-q4_K_M,VULNERABLE,reentrancy,VULNERABLE,reentrancy,[41],True,True,14.7934,True,,"{
  ""rating"": ""VULNERABLE"",
  ""vulnerability_category"": ""reentrancy"",
  ""vulnerable_lines"": [41]
}"
reentrancy_0xbe4041d55db380c5ae9d4a9b9703f1ed4e7e3888.sol,qwen2.5-coder:7b-instruct-q4_K_M,VULNERABLE,reentrancy,VULNERABLE,reentrancy,[63],True,True,17.3184,True,,"{
  ""rating"": ""VULNERABLE"",
  ""vulnerability_category"": ""reentrancy"",
  ""vulnerable_lines"": [63]
}"
reentrancy_0xcead721ef5b11f1a7b530171aab69b16c5e66b6e.sol,qwen2.5-coder:7b-instruct-q4_K_M,VULNERABLE,reentrancy,VULNERABLE,reentrancy,[29],True,True,15.6298,True,,"{
  ""rating"": ""VULNERABLE"",
  ""vulnerability_category"": ""reentrancy"",
  ""vulnerable_lines"": [29]
}"
reentrancy_0xf015c35649c82f5467c9c74b7f28ee67665aad68.sol,qwen2.5-coder:7b-instruct-q4_K_M,VULNERABLE,reentrancy,VULNERABLE,reentrancy,[29],True,True,15.732,True,,"{
  ""rating"": ""VULNERABLE"",
  ""vulnerability_category"": ""reentrancy"",
  ""vulnerable_lines"": [29]
}"
reentrancy_etherbank.sol,qwen2.5-coder:7b-instruct-q4_K_M,VULNERABLE,reentrancy,VULNERABLE,reentrancy,[21],True,True,15.3758,True,,"{
    ""rating"": ""VULNERABLE"",
    ""vulnerability_category"": ""reentrancy"",
    ""access_control"": ""none"",
    ""integer_overflow"": ""none"",
    ""unchecked_call"": ""yes"",
    ""vulnerable_lines"": [21]
}"
reentrancy_etherstore.sol,qwen2.5-coder:7b-instruct-q4_K_M,VULNERABLE,reentrancy,VULNERABLE,reentrancy,[27],True,True,12.0739,True,,"{
  ""rating"": ""VULNERABLE"",
  ""vulnerability_category"": ""reentrancy"",
  ""vulnerable_lines"": [27]
}"
reentrancy_modifier_reentrancy.sol,qwen2.5-coder:7b-instruct-q4_K_M,VULNERABLE,reentrancy,VULNERABLE,reentrancy,[15],True,True,19.0102,True,,"{
  ""rating"": ""VULNERABLE"",
  ""vulnerability_category"": ""reentrancy"",
  ""access_control"": ""none"",
  ""integer_overflow"": ""none"",
  ""unchecked_call"": ""none"",
  ""vulnerable_lines"": [15]
}"
reentrancy_reentrance.sol,qwen2.5-coder:7b-instruct-q4_K_M,VULNERABLE,reentrancy,VULNERABLE,reentrancy,[24],True,True,11.5839,True,,"{
  ""rating"": ""VULNERABLE"",
  ""vulnerability_category"": ""reentrancy"",
  ""vulnerable_lines"": [24]
}"
reentrancy_reentrancy_bonus.sol,qwen2.5-coder:7b-instruct-q4_K_M,VULNERABLE,reentrancy,VULNERABLE,reentrancy,[28],True,True,12.4358,True,,"{
  ""rating"": ""VULNERABLE"",
  ""vulnerability_category"": ""reentrancy"",
  ""vulnerable_lines"": [28]
}"
reentrancy_reentrancy_cross_function.sol,qwen2.5-coder:7b-instruct-q4_K_M,VULNERABLE,reentrancy,VULNERABLE,reentrancy,[24],True,True,11.7404,True,,"{
  ""rating"": ""VULNERABLE"",
  ""vulnerability_category"": ""reentrancy"",
  ""vulnerable_lines"": [24]
}"
reentrancy_reentrancy_dao.sol,qwen2.5-coder:7b-instruct-q4_K_M,VULNERABLE,reentrancy,VULNERABLE,reentrancy,[18],True,True,10.787,True,,"{
  ""rating"": ""VULNERABLE"",
  ""vulnerability_category"": ""reentrancy"",
  ""vulnerable_lines"": [18]
}"
reentrancy_reentrancy_insecure.sol,qwen2.5-coder:7b-instruct-q4_K_M,VULNERABLE,reentrancy,VULNERABLE,reentrancy,[17],True,True,10.5988,True,,"{
  ""rating"": ""VULNERABLE"",
  ""vulnerability_category"": ""reentrancy"",
  ""vulnerable_lines"": [17]
}"
reentrancy_reentrancy_simple.sol,qwen2.5-coder:7b-instruct-q4_K_M,VULNERABLE,reentrancy,VULNERABLE,reentrancy,[24],True,True,11.0966,True,,"{
    ""rating"": ""VULNERABLE"",
    ""vulnerability_category"": ""reentrancy"",
    ""vulnerable_lines"": [24]
}"
reentrancy_simple_dao.sol,qwen2.5-coder:7b-instruct-q4_K_M,VULNERABLE,reentrancy,VULNERABLE,reentrancy,[19],True,True,10.3542,True,,"{
  ""rating"": ""VULNERABLE"",
  ""vulnerability_category"": ""reentrancy"",
  ""vulnerable_lines"": [19]
}"
reentrancy_spank_chain_payment.sol,qwen2.5-coder:7b-instruct-q4_K_M,VULNERABLE,reentrancy,,,[],False,False,72.7403,False,"3 validation errors for LLMPrediction
rating
  Field required [type=missing, input_value={'response': 'The provide...ng Network technology.'}, input_type=dict]
    For further information visit https://errors.pydantic.dev/2.12/v/missing
vulnerability_category
  Field required [type=missing, input_value={'response': 'The provide...ng Network technology.'}, input_type=dict]
    For further information visit https://errors.pydantic.dev/2.12/v/missing
vulnerable_lines
  Field required [type=missing, input_value={'response': 'The provide...ng Network technology.'}, input_type=dict]
    For further information visit https://errors.pydantic.dev/2.12/v/missing",
short_addresses_short_address_example.sol,qwen2.5-coder:7b-instruct-q4_K_M,VULNERABLE,short_addresses,VULNERABLE,short_addresses,[18],True,True,11.2392,True,,"{
  ""rating"": ""VULNERABLE"",
  ""vulnerability_category"": ""short_addresses"",
  ""vulnerable_lines"": [18]
}"
time_manipulation_ether_lotto.sol,qwen2.5-coder:7b-instruct-q4_K_M,VULNERABLE,time_manipulation,VULNERABLE,time_manipulation,[43],True,True,20.7018,True,,"{
  ""rating"": ""VULNERABLE"",
  ""vulnerability_category"": ""time_manipulation"",
  ""access_control"": ""none"",
  ""integer_overflow"": ""none"",
  ""unchecked_call"": ""none"",
  ""vulnerable_lines"": [43]
}"
time_manipulation_governmental_survey.sol,qwen2.5-coder:7b-instruct-q4_K_M,VULNERABLE,time_manipulation,VULNERABLE,time_manipulation,[27],True,True,13.9822,True,,"{
  ""rating"": ""VULNERABLE"",
  ""vulnerability_category"": ""time_manipulation"",
  ""vulnerable_lines"": [27]
}"
time_manipulation_lottopollo.sol,qwen2.5-coder:7b-instruct-q4_K_M,VULNERABLE,time_manipulation,VULNERABLE,time_manipulation,"[13, 27]",True,True,12.8073,True,,"{
  ""rating"": ""VULNERABLE"",
  ""vulnerability_category"": ""time_manipulation"",
  ""vulnerable_lines"": [13, 27]
}"
time_manipulation_roulette.sol,qwen2.5-coder:7b-instruct-q4_K_M,VULNERABLE,time_manipulation,VULNERABLE,time_manipulation,"[18, 20]",True,True,16.7829,True,,"{
  ""rating"": ""VULNERABLE"",
  ""vulnerability_category"": ""time_manipulation"",
  ""access_control"": ""none"",
  ""integer_overflow"": ""none"",
  ""unchecked_call"": ""none"",
  ""vulnerable_lines"": [18, 20]
}"
time_manipulation_timed_crowdsale.sol,qwen2.5-coder:7b-instruct-q4_K_M,VULNERABLE,time_manipulation,VULNERABLE,time_manipulation,[13],True,True,14.8959,True,,"{
  ""rating"": ""VULNERABLE"",
  ""vulnerability_category"": ""time_manipulation"",
  ""access_control"": ""none"",
  ""integer_overflow"": ""none"",
  ""unchecked_call"": ""none"",
  ""vulnerable_lines"": [13]
}"
unchecked_low_level_calls_0x07f7ecb66d788ab01dc93b9b71a88401de7d0f2e.sol,qwen2.5-coder:7b-instruct-q4_K_M,VULNERABLE,unchecked_low_level_calls,VULNERABLE,unchecked_call,"[183, 194]",True,False,39.6696,True,,"{
  ""rating"": ""VULNERABLE"",
  ""vulnerability_category"": ""unchecked_call"",
  ""vulnerable_lines"": [183, 194]
}"
unchecked_low_level_calls_0x0cbe050f75bc8f8c2d6c0d249fea125fd6e1acc9.sol,qwen2.5-coder:7b-instruct-q4_K_M,VULNERABLE,unchecked_low_level_calls,VULNERABLE,unchecked_call,[12],True,False,9.2398,True,,"{
  ""rating"": ""VULNERABLE"",
  ""vulnerability_category"": ""unchecked_call"",
  ""vulnerable_lines"": [12]
}"
unchecked_low_level_calls_0x19cf8481ea15427a98ba3cdd6d9e14690011ab10.sol,qwen2.5-coder:7b-instruct-q4_K_M,VULNERABLE,unchecked_low_level_calls,,,[],False,False,47.2509,False,"3 validation errors for LLMPrediction
rating
  Field required [type=missing, input_value={'response': ""I'm sorry, ...ist with that request.""}, input_type=dict]
    For further information visit https://errors.pydantic.dev/2.12/v/missing
vulnerability_category
  Field required [type=missing, input_value={'response': ""I'm sorry, ...ist with that request.""}, input_type=dict]
    For further information visit https://errors.pydantic.dev/2.12/v/missing
vulnerable_lines
  Field required [type=missing, input_value={'response': ""I'm sorry, ...ist with that request.""}, input_type=dict]
    For further information visit https://errors.pydantic.dev/2.12/v/missing",
unchecked_low_level_calls_0x2972d548497286d18e92b5fa1f8f9139e5653fd2.sol,qwen2.5-coder:7b-instruct-q4_K_M,VULNERABLE,unchecked_low_level_calls,VULNERABLE,unchecked_call,[14],True,False,10.9597,True,,"{
  ""rating"": ""VULNERABLE"",
  ""vulnerability_category"": ""unchecked_call"",
  ""vulnerable_lines"": [14]
}"
unchecked_low_level_calls_0x39cfd754c85023648bf003bea2dd498c5612abfa.sol,qwen2.5-coder:7b-instruct-q4_K_M,VULNERABLE,unchecked_low_level_calls,VULNERABLE,unchecked_call,"[44, 97]",True,False,17.9479,True,,"{
  ""rating"": ""VULNERABLE"",
  ""vulnerability_category"": ""unchecked_call"",
  ""vulnerable_lines"": [44, 97]
}"
unchecked_low_level_calls_0x3a0e9acd953ffc0dd18d63603488846a6b8b2b01.sol,qwen2.5-coder:7b-instruct-q4_K_M,VULNERABLE,unchecked_low_level_calls,VULNERABLE,unchecked_call,"[44, 97]",True,False,18.2419,True,,"{
  ""rating"": ""VULNERABLE"",
  ""vulnerability_category"": ""unchecked_call"",
  ""vulnerable_lines"": [44, 97]
}"
unchecked_low_level_calls_0x3e013fc32a54c4c5b6991ba539dcd0ec4355c859.sol,qwen2.5-coder:7b-instruct-q4_K_M,VULNERABLE,unchecked_low_level_calls,VULNERABLE,unchecked_call,[29],True,False,11.4609,True,,"{
  ""rating"": ""VULNERABLE"",
  ""vulnerability_category"": ""unchecked_call"",
  ""vulnerable_lines"": [29]
}"
unchecked_low_level_calls_0x3f2ef511aa6e75231e4deafc7a3d2ecab3741de2.sol,qwen2.5-coder:7b-instruct-q4_K_M,VULNERABLE,unchecked_low_level_calls,VULNERABLE,unchecked_call,[45],True,False,15.0979,True,,"{
  ""rating"": ""VULNERABLE"",
  ""vulnerability_category"": ""unchecked_call"",
  ""vulnerable_lines"": [45]
}"
unchecked_low_level_calls_0x4051334adc52057aca763453820cb0e045076ef3.sol,qwen2.5-coder:7b-instruct-q4_K_M,VULNERABLE,unchecked_low_level_calls,VULNERABLE,unchecked_call,[16],True,False,10.7166,True,,"{
  ""rating"": ""VULNERABLE"",
  ""vulnerability_category"": ""unchecked_call"",
  ""vulnerable_lines"": [16]
}"
unchecked_low_level_calls_0x4a66ad0bca2d700f11e1f2fc2c106f7d3264504c.sol,qwen2.5-coder:7b-instruct-q4_K_M,VULNERABLE,unchecked_low_level_calls,VULNERABLE,unchecked_call,[19],True,False,13.7267,True,,"{
  ""rating"": ""VULNERABLE"",
  ""vulnerability_category"": ""unchecked_call"",
  ""vulnerable_lines"": [19]
}"
unchecked_low_level_calls_0x4b71ad9c1a84b9b643aa54fdd66e2dec96e8b152.sol,qwen2.5-coder:7b-instruct-q4_K_M,VULNERABLE,unchecked_low_level_calls,VULNERABLE,unchecked_call,[17],True,False,10.6205,True,,"{
  ""rating"": ""VULNERABLE"",
  ""vulnerability_category"": ""unchecked_call"",
  ""vulnerable_lines"": [17]
}"
unchecked_low_level_calls_0x524960d55174d912768678d8c606b4d50b79d7b1.sol,qwen2.5-coder:7b-instruct-q4_K_M,VULNERABLE,unchecked_low_level_calls,VULNERABLE,unchecked_call,[21],True,False,12.5825,True,,"{
  ""rating"": ""VULNERABLE"",
  ""vulnerability_category"": ""unchecked_call"",
  ""vulnerable_lines"": [21]
}"
unchecked_low_level_calls_0x52d2e0f9b01101a59b38a3d05c80b7618aeed984.sol,qwen2.5-coder:7b-instruct-q4_K_M,VULNERABLE,unchecked_low_level_calls,VULNERABLE,unchecked_call,[27],True,False,11.5888,True,,"{
    ""rating"": ""VULNERABLE"",
    ""vulnerability_category"": ""unchecked_call"",
    ""vulnerable_lines"": [27]
}"
unchecked_low_level_calls_0x5aa88d2901c68fda244f1d0584400368d2c8e739.sol,qwen2.5-coder:7b-instruct-q4_K_M,VULNERABLE,unchecked_low_level_calls,VULNERABLE,unchecked_call,[29],True,False,11.4959,True,,"{
  ""rating"": ""VULNERABLE"",
  ""vulnerability_category"": ""unchecked_call"",
  ""vulnerable_lines"": [29]
}"
unchecked_low_level_calls_0x610495793564aed0f9c7fc48dc4c7c9151d34fd6.sol,qwen2.5-coder:7b-instruct-q4_K_M,VULNERABLE,unchecked_low_level_calls,VULNERABLE,unchecked_call,[33],True,False,11.2435,True,,"{
  ""rating"": ""VULNERABLE"",
  ""vulnerability_category"": ""unchecked_call"",
  ""vulnerable_lines"": [33]
}"
unchecked_low_level_calls_0x627fa62ccbb1c1b04ffaecd72a53e37fc0e17839.sol,qwen2.5-coder:7b-instruct-q4_K_M,VULNERABLE,unchecked_low_level_calls,VULNERABLE,unchecked_call,[44],True,False,16.587,True,,"{
  ""rating"": ""VULNERABLE"",
  ""vulnerability_category"": ""unchecked_call"",
  ""vulnerable_lines"": [44]
}"
unchecked_low_level_calls_0x663e4229142a27f00bafb5d087e1e730648314c3.sol,qwen2.5-coder:7b-instruct-q4_K_M,VULNERABLE,unchecked_low_level_calls,,,[],False,False,47.5775,False,"3 validation errors for LLMPrediction
rating
  Field required [type=missing, input_value={'response': ""I'm sorry, ...ist with that request.""}, input_type=dict]
    For further information visit https://errors.pydantic.dev/2.12/v/missing
vulnerability_category
  Field required [type=missing, input_value={'response': ""I'm sorry, ...ist with that request.""}, input_type=dict]
    For further information visit https://errors.pydantic.dev/2.12/v/missing
vulnerable_lines
  Field required [type=missing, input_value={'response': ""I'm sorry, ...ist with that request.""}, input_type=dict]
    For further information visit https://errors.pydantic.dev/2.12/v/missing",
unchecked_low_level_calls_0x70f9eddb3931491aab1aeafbc1e7f1ca2a012db4.sol,qwen2.5-coder:7b-instruct-q4_K_M,VULNERABLE,unchecked_low_level_calls,VULNERABLE,unchecked_call,[29],True,False,14.5988,True,,"{
  ""rating"": ""VULNERABLE"",
  ""vulnerability_category"": ""unchecked_call"",
  ""vulnerable_lines"": [29]
}"
unchecked_low_level_calls_0x78c2a1e91b52bca4130b6ed9edd9fbcfd4671c37.sol,qwen2.5-coder:7b-instruct-q4_K_M,VULNERABLE,unchecked_low_level_calls,VULNERABLE,unchecked_call,[45],True,False,15.2611,True,,"{
  ""rating"": ""VULNERABLE"",
  ""vulnerability_category"": ""unchecked_call"",
  ""vulnerable_lines"": [45]
}"
unchecked_low_level_calls_0x7a4349a749e59a5736efb7826ee3496a2dfd5489.sol,qwen2.5-coder:7b-instruct-q4_K_M,VULNERABLE,unchecked_low_level_calls,VULNERABLE,unchecked_call,[44],True,False,14.8679,True,,"{
  ""rating"": ""VULNERABLE"",
  ""vulnerability_category"": ""unchecked_call"",
  ""vulnerable_lines"": [44]
}"
unchecked_low_level_calls_0x7d09edb07d23acb532a82be3da5c17d9d85806b4.sol,qwen2.5-coder:7b-instruct-q4_K_M,VULNERABLE,unchecked_low_level_calls,VULNERABLE,unchecked_call,"[198, 210]",True,False,39.3472,True,,"{
  ""rating"": ""VULNERABLE"",
  ""vulnerability_category"": ""unchecked_call"",
  ""vulnerable_lines"": [198, 210]
}"
unchecked_low_level_calls_0x806a6bd219f162442d992bdc4ee6eba1f2c5a707.sol,qwen2.5-coder:7b-instruct-q4_K_M,VULNERABLE,unchecked_low_level_calls,VULNERABLE,unchecked_call,[44],True,False,14.5819,True,,"{
  ""rating"": ""VULNERABLE"",
  ""vulnerability_category"": ""unchecked_call"",
  ""vulnerable_lines"": [44]
}"
unchecked_low_level_calls_0x84d9ec85c9c568eb332b7226a8f826d897e0a4a8.sol,qwen2.5-coder:7b-instruct-q4_K_M,VULNERABLE,unchecked_low_level_calls,VULNERABLE,unchecked_call,[56],True,False,22.6743,True,,"{
  ""rating"": ""VULNERABLE"",
  ""vulnerability_category"": ""unchecked_call"",
  ""vulnerable_lines"": [56]
}"
unchecked_low_level_calls_0x89c1b3807d4c67df034fffb62f3509561218d30b.sol,qwen2.5-coder:7b-instruct-q4_K_M,VULNERABLE,unchecked_low_level_calls,VULNERABLE,unchecked_call,"[162, 175, 180, 192]",True,False,56.6357,True,,"{
  ""rating"": ""VULNERABLE"",
  ""vulnerability_category"": ""unchecked_call"",
  ""vulnerable_lines"": [162, 175, 180, 192]
}"
unchecked_low_level_calls_0x8fd1e427396ddb511533cf9abdbebd0a7e08da35.sol,qwen2.5-coder:7b-instruct-q4_K_M,VULNERABLE,unchecked_low_level_calls,VULNERABLE,unchecked_call,"[44, 97]",True,False,18.4241,True,,"{
  ""rating"": ""VULNERABLE"",
  ""vulnerability_category"": ""unchecked_call"",
  ""vulnerable_lines"": [44, 97]
}"
unchecked_low_level_calls_0x958a8f594101d2c0485a52319f29b2647f2ebc06.sol,qwen2.5-coder:7b-instruct-q4_K_M,VULNERABLE,unchecked_low_level_calls,VULNERABLE,unchecked_call,[55],True,False,27.6365,True,,"{
  ""rating"": ""VULNERABLE"",
  ""vulnerability_category"": ""unchecked_call"",
  ""vulnerable_lines"": [55]
}"
unchecked_low_level_calls_0x9d06cbafa865037a01d322d3f4222fa3e04e5488.sol,qwen2.5-coder:7b-instruct-q4_K_M,VULNERABLE,unchecked_low_level_calls,VULNERABLE,unchecked_call,"[54, 65]",True,False,23.4072,True,,"{
  ""rating"": ""VULNERABLE"",
  ""vulnerability_category"": ""unchecked_call"",
  ""vulnerable_lines"": [54, 65]
}"
unchecked_low_level_calls_0xa1fceeff3acc57d257b917e30c4df661401d6431.sol,qwen2.5-coder:7b-instruct-q4_K_M,VULNERABLE,unchecked_low_level_calls,VULNERABLE,unchecked_call,[31],True,False,12.2258,True,,"{
  ""rating"": ""VULNERABLE"",
  ""vulnerability_category"": ""unchecked_call"",
  ""vulnerable_lines"": [31]
}"
unchecked_low_level_calls_0xa46edd6a9a93feec36576ee5048146870ea2c3ae.sol,qwen2.5-coder:7b-instruct-q4_K_M,VULNERABLE,unchecked_low_level_calls,VULNERABLE,unchecked_call,[16],True,False,10.6324,True,,"{
  ""rating"": ""VULNERABLE"",
  ""vulnerability_category"": ""unchecked_call"",
  ""vulnerable_lines"": [16]
}"
unchecked_low_level_calls_0xb0510d68f210b7db66e8c7c814f22680f2b8d1d6.sol,qwen2.5-coder:7b-instruct-q4_K_M,VULNERABLE,unchecked_low_level_calls,VULNERABLE,unchecked_call,"[69, 71, 73, 75, 102]",True,False,31.7718,True,,"{
  ""rating"": ""VULNERABLE"",
  ""vulnerability_category"": ""unchecked_call"",
  ""vulnerable_lines"": [69, 71, 73, 75, 102]
}"
unchecked_low_level_calls_0xb11b2fed6c9354f7aa2f658d3b4d7b31d8a13b77.sol,qwen2.5-coder:7b-instruct-q4_K_M,VULNERABLE,unchecked_low_level_calls,VULNERABLE,unchecked_call,[14],True,False,13.023,True,,"{
  ""rating"": ""VULNERABLE"",
  ""vulnerability_category"": ""unchecked_call"",
  ""vulnerable_lines"": [14]
}"
unchecked_low_level_calls_0xb37f18af15bafb869a065b61fc83cfc44ed9cc27.sol,qwen2.5-coder:7b-instruct-q4_K_M,VULNERABLE,unchecked_low_level_calls,VULNERABLE,unchecked_call,[33],True,False,11.1377,True,,"{
  ""rating"": ""VULNERABLE"",
  ""vulnerability_category"": ""unchecked_call"",
  ""vulnerable_lines"": [33]
}"
unchecked_low_level_calls_0xb620cee6b52f96f3c6b253e6eea556aa2d214a99.sol,qwen2.5-coder:7b-instruct-q4_K_M,VULNERABLE,unchecked_low_level_calls,VULNERABLE,unchecked_call,"[100, 133]",True,False,26.4428,True,,"{
  ""rating"": ""VULNERABLE"",
  ""vulnerability_category"": ""unchecked_call"",
  ""vulnerable_lines"": [100, 133]
}"
unchecked_low_level_calls_0xb7c5c5aa4d42967efe906e1b66cb8df9cebf04f7.sol,qwen2.5-coder:7b-instruct-q4_K_M,VULNERABLE,unchecked_low_level_calls,VULNERABLE,unchecked_call,[25],True,False,11.0005,True,,"{
  ""rating"": ""VULNERABLE"",
  ""vulnerability_category"": ""unchecked_call"",
  ""vulnerable_lines"": [25]
}"
unchecked_low_level_calls_0xbaa3de6504690efb064420d89e871c27065cdd52.sol,qwen2.5-coder:7b-instruct-q4_K_M,VULNERABLE,unchecked_low_level_calls,VULNERABLE,unchecked_call,[14],True,False,12.9576,True,,"{
  ""rating"": ""VULNERABLE"",
  ""vulnerability_category"": ""unchecked_call"",
  ""vulnerable_lines"": [14]
}"
unchecked_low_level_calls_0xbebbfe5b549f5db6e6c78ca97cac19d1fb03082c.sol,qwen2.5-coder:7b-instruct-q4_K_M,VULNERABLE,unchecked_low_level_calls,VULNERABLE,unchecked_call,[14],True,False,12.8036,True,,"{
  ""rating"": ""VULNERABLE"",
  ""vulnerability_category"": ""unchecked_call"",
  ""vulnerable_lines"": [14]
}"
unchecked_low_level_calls_0xd2018bfaa266a9ec0a1a84b061640faa009def76.sol,qwen2.5-coder:7b-instruct-q4_K_M,VULNERABLE,unchecked_low_level_calls,VULNERABLE,unchecked_call,[44],True,False,14.627,True,,"{
  ""rating"": ""VULNERABLE"",
  ""vulnerability_category"": ""unchecked_call"",
  ""vulnerable_lines"": [44]
}"
unchecked_low_level_calls_0xd5967fed03e85d1cce44cab284695b41bc675b5c.sol,qwen2.5-coder:7b-instruct-q4_K_M,VULNERABLE,unchecked_low_level_calls,VULNERABLE,unchecked_call,[16],True,False,10.5224,True,,"{
  ""rating"": ""VULNERABLE"",
  ""vulnerability_category"": ""unchecked_call"",
  ""vulnerable_lines"": [16]
}"
unchecked_low_level_calls_0xdb1c55f6926e7d847ddf8678905ad871a68199d2.sol,qwen2.5-coder:7b-instruct-q4_K_M,VULNERABLE,unchecked_low_level_calls,VULNERABLE,unchecked_call,[39],True,False,13.3145,True,,"{
  ""rating"": ""VULNERABLE"",
  ""vulnerability_category"": ""unchecked_call"",
  ""vulnerable_lines"": [39]
}"
unchecked_low_level_calls_0xe09b1ab8111c2729a76f16de96bc86a7af837928.sol,qwen2.5-coder:7b-instruct-q4_K_M,VULNERABLE,unchecked_low_level_calls,VULNERABLE,unchecked_call,[150],True,False,79.0119,True,,"{
  ""rating"": ""VULNERABLE"",
  ""vulnerability_category"": ""unchecked_call"",
  ""vulnerable_lines"": [150]
}"
unchecked_low_level_calls_0xe4eabdca81e31d9acbc4af76b30f532b6ed7f3bf.sol,qwen2.5-coder:7b-instruct-q4_K_M,VULNERABLE,unchecked_low_level_calls,VULNERABLE,unchecked_call,[44],True,False,15.0311,True,,"{
  ""rating"": ""VULNERABLE"",
  ""vulnerability_category"": ""unchecked_call"",
  ""vulnerable_lines"": [44]
}"
unchecked_low_level_calls_0xe82f0742a71a02b9e9ffc142fdcb6eb1ed06fb87.sol,qwen2.5-coder:7b-instruct-q4_K_M,VULNERABLE,unchecked_low_level_calls,VULNERABLE,unchecked_call,[39],True,False,15.9956,True,,"{
  ""rating"": ""VULNERABLE"",
  ""vulnerability_category"": ""unchecked_call"",
  ""vulnerable_lines"": [39]
}"
unchecked_low_level_calls_0xe894d54dca59cb53fe9cbc5155093605c7068220.sol,qwen2.5-coder:7b-instruct-q4_K_M,VULNERABLE,unchecked_low_level_calls,VULNERABLE,unchecked_call,[17],True,False,12.2951,True,,"{
  ""rating"": ""VULNERABLE"",
  ""vulnerability_category"": ""unchecked_call"",
  ""vulnerable_lines"": [17]
}"
unchecked_low_level_calls_0xec329ffc97d75fe03428ae155fc7793431487f63.sol,qwen2.5-coder:7b-instruct-q4_K_M,VULNERABLE,unchecked_low_level_calls,VULNERABLE,unchecked_call,[30],True,False,26.3114,True,,"{
  ""rating"": ""VULNERABLE"",
  ""vulnerability_category"": ""unchecked_call"",
  ""vulnerable_lines"": [30]
}"
unchecked_low_level_calls_0xf2570186500a46986f3139f65afedc2afe4f445d.sol,qwen2.5-coder:7b-instruct-q4_K_M,VULNERABLE,unchecked_low_level_calls,VULNERABLE,unchecked_call,[18],True,False,10.8119,True,,"{
  ""rating"": ""VULNERABLE"",
  ""vulnerability_category"": ""unchecked_call"",
  ""vulnerable_lines"": [18]
}"
unchecked_low_level_calls_0xf29ebe930a539a60279ace72c707cba851a57707.sol,qwen2.5-coder:7b-instruct-q4_K_M,VULNERABLE,unchecked_low_level_calls,VULNERABLE,unchecked_call,[16],True,False,9.9854,True,,"{
  ""rating"": ""VULNERABLE"",
  ""vulnerability_category"": ""unchecked_call"",
  ""vulnerable_lines"": [16]
}"
unchecked_low_level_calls_0xf70d589d76eebdd7c12cc5eec99f8f6fa4233b9e.sol,qwen2.5-coder:7b-instruct-q4_K_M,VULNERABLE,unchecked_low_level_calls,VULNERABLE,unchecked_call,[44],True,False,13.8177,True,,"{
  ""rating"": ""VULNERABLE"",
  ""vulnerability_category"": ""unchecked_call"",
  ""vulnerable_lines"": [44]
}"
unchecked_low_level_calls_etherpot_lotto.sol,qwen2.5-coder:7b-instruct-q4_K_M,VULNERABLE,unchecked_low_level_calls,VULNERABLE,unchecked_call,"[109, 141]",True,False,33.7384,True,,"{
  ""rating"": ""VULNERABLE"",
  ""vulnerability_category"": ""unchecked_call"",
  ""vulnerable_lines"": [109, 141]
}"
unchecked_low_level_calls_king_of_the_ether_throne.sol,qwen2.5-coder:7b-instruct-q4_K_M,VULNERABLE,unchecked_low_level_calls,VULNERABLE,unchecked_call,"[110, 118, 132, 174]",True,False,43.3172,True,,"{
  ""rating"": ""VULNERABLE"",
  ""vulnerability_category"": ""unchecked_call"",
  ""vulnerable_lines"": [110, 118, 132, 174]
}"
unchecked_low_level_calls_lotto.sol,qwen2.5-coder:7b-instruct-q4_K_M,VULNERABLE,unchecked_low_level_calls,VULNERABLE,unchecked_call,"[20, 27]",True,False,10.6329,True,,"{
  ""rating"": ""VULNERABLE"",
  ""vulnerability_category"": ""unchecked_call"",
  ""vulnerable_lines"": [20, 27]
}"
unchecked_low_level_calls_mishandled.sol,qwen2.5-coder:7b-instruct-q4_K_M,VULNERABLE,unchecked_low_level_calls,VULNERABLE,unchecked_call,[14],True,False,9.2079,True,,"{
  ""rating"": ""VULNERABLE"",
  ""vulnerability_category"": ""unchecked_call"",
  ""vulnerable_lines"": [14]
}"
unchecked_low_level_calls_unchecked_return_value.sol,qwen2.5-coder:7b-instruct-q4_K_M,VULNERABLE,unchecked_low_level_calls,VULNERABLE,unchecked_call,[17],True,False,8.8241,True,,"{
  ""rating"": ""VULNERABLE"",
  ""vulnerability_category"": ""unchecked_call"",
  ""vulnerable_lines"": [17]
}"
